aposta_id,apostador_id,jogo_id,valor,odd,timestamp,resultado
a00000,u14,jogo16,265.1,4.95,2025-05-21 11:47:10,perdeu
a00001,u79,jogo16,922.94,2.48,2025-05-21 09:33:10,perdeu
a00002,u81,jogo36,632.41,1.7,2025-05-21 09:52:10,perdeu
a00003,u86,jogo38,299.05,4.43,2025-05-21 11:19:10,perdeu
a00004,u1,jogo16,576.08,3.85,2025-05-21 09:10:10,ganhou
a00005,u53,jogo9,769.41,1.67,2025-05-21 09:33:10,perdeu
a00006,u77,jogo10,110.94,4.69,2025-05-21 10:58:10,perdeu
a00007,u29,jogo44,129.75,4.08,2025-05-21 09:47:10,pendente
a00008,u74,jogo9,205.49,1.85,2025-05-21 09:34:10,pendente
a00009,u99,jogo8,995.05,4.0,2025-05-21 09:50:10,pendente
a00010,u11,jogo11,320.71,3.32,2025-05-21 10:58:10,perdeu
a00011,u47,jogo19,727.5,4.65,2025-05-21 09:29:10,perdeu
a00012,u72,jogo19,198.22,1.63,2025-05-21 11:39:10,ganhou
a00013,u89,jogo6,618.48,1.54,2025-05-21 10:26:10,pendente
a00014,u18,jogo41,940.15,3.68,2025-05-21 10:05:10,ganhou
a00015,u9,jogo45,54.72,4.29,2025-05-21 10:42:10,perdeu
a00016,u29,jogo38,270.54,4.43,2025-05-21 10:31:10,ganhou
a00017,u67,jogo34,526.39,3.5,2025-05-21 09:44:10,ganhou
a00018,u97,jogo10,364.72,2.54,2025-05-21 09:33:10,pendente
a00019,u41,jogo3,122.62,2.86,2025-05-21 11:34:10,perdeu
a00020,u99,jogo10,53.93,2.22,2025-05-21 09:10:10,pendente
a00021,u37,jogo38,115.23,4.12,2025-05-21 09:10:10,pendente
a00022,u27,jogo31,503.48,4.04,2025-05-21 09:50:10,pendente
a00023,u63,jogo39,64.47,2.69,2025-05-21 09:31:10,perdeu
a00024,u58,jogo6,725.65,2.16,2025-05-21 10:51:10,perdeu
a00025,u50,jogo19,911.42,4.62,2025-05-21 10:26:10,pendente
a00026,u59,jogo48,210.3,4.68,2025-05-21 10:12:10,perdeu
a00027,u5,jogo21,628.71,1.68,2025-05-21 11:06:10,perdeu
a00028,u15,jogo19,446.33,4.48,2025-05-21 11:26:10,ganhou
a00029,u54,jogo45,887.84,4.09,2025-05-21 10:50:10,perdeu
a00030,u79,jogo34,401.86,4.72,2025-05-21 10:06:10,ganhou
a00031,u14,jogo20,798.35,3.92,2025-05-21 10:53:10,ganhou
a00032,u16,jogo7,294.31,4.12,2025-05-21 10:19:10,perdeu
a00033,u15,jogo10,223.29,2.88,2025-05-21 09:29:10,pendente
a00034,u64,jogo1,883.44,4.54,2025-05-21 11:52:10,pendente
a00035,u29,jogo22,731.66,3.95,2025-05-21 10:23:10,pendente
a00036,u70,jogo29,579.61,4.63,2025-05-21 10:03:10,ganhou
a00037,u84,jogo42,425.28,4.22,2025-05-21 09:01:10,pendente
a00038,u62,jogo28,689.49,4.07,2025-05-21 09:52:10,ganhou
a00039,u7,jogo35,385.72,2.98,2025-05-21 11:35:10,perdeu
a00040,u82,jogo15,505.68,3.57,2025-05-21 09:50:10,perdeu
a00041,u76,jogo47,904.64,3.83,2025-05-21 10:46:10,pendente
a00042,u1,jogo7,886.95,3.42,2025-05-21 10:32:10,ganhou
a00043,u8,jogo4,769.52,4.43,2025-05-21 09:20:10,pendente
a00044,u94,jogo4,725.87,1.95,2025-05-21 09:28:10,pendente
a00045,u2,jogo43,888.47,2.31,2025-05-21 10:51:10,ganhou
a00046,u1,jogo4,423.5,1.64,2025-05-21 11:26:10,perdeu
a00047,u48,jogo8,135.2,3.18,2025-05-21 09:23:10,ganhou
a00048,u33,jogo46,909.51,3.75,2025-05-21 11:37:10,ganhou
a00049,u98,jogo16,298.01,3.07,2025-05-21 11:12:10,perdeu
a00050,u44,jogo21,687.85,4.91,2025-05-21 09:55:10,perdeu
a00051,u87,jogo19,356.67,1.64,2025-05-21 11:37:10,pendente
a00052,u66,jogo4,216.21,1.83,2025-05-21 09:31:10,ganhou
a00053,u93,jogo11,864.28,3.99,2025-05-21 10:16:10,ganhou
a00054,u96,jogo25,87.85,2.84,2025-05-21 11:04:10,perdeu
a00055,u7,jogo6,771.69,4.6,2025-05-21 09:27:10,perdeu
a00056,u44,jogo38,147.03,1.95,2025-05-21 11:08:10,pendente
a00057,u47,jogo18,208.75,3.83,2025-05-21 09:30:10,perdeu
a00058,u86,jogo7,225.05,2.18,2025-05-21 11:27:10,pendente
a00059,u68,jogo46,146.89,4.87,2025-05-21 11:19:10,pendente
a00060,u61,jogo26,977.7,2.46,2025-05-21 11:54:10,perdeu
a00061,u90,jogo27,393.35,3.53,2025-05-21 10:39:10,ganhou
a00062,u51,jogo26,771.96,4.45,2025-05-21 11:29:10,perdeu
a00063,u70,jogo20,113.92,2.13,2025-05-21 10:45:10,perdeu
a00064,u19,jogo33,577.77,1.8,2025-05-21 10:40:10,perdeu
a00065,u74,jogo7,791.46,3.24,2025-05-21 11:21:10,pendente
a00066,u10,jogo19,85.19,2.34,2025-05-21 11:39:10,pendente
a00067,u49,jogo6,736.27,4.93,2025-05-21 09:46:10,perdeu
a00068,u48,jogo37,869.8,1.7,2025-05-21 10:53:10,pendente
a00069,u28,jogo17,509.78,3.53,2025-05-21 09:42:10,perdeu
a00070,u58,jogo17,648.32,1.91,2025-05-21 11:01:10,ganhou
a00071,u60,jogo38,567.3,4.4,2025-05-21 11:51:10,perdeu
a00072,u19,jogo26,680.52,2.37,2025-05-21 09:00:10,pendente
a00073,u47,jogo40,866.15,1.61,2025-05-21 10:14:10,pendente
a00074,u22,jogo45,958.82,4.22,2025-05-21 10:48:10,perdeu
a00075,u82,jogo34,520.52,4.89,2025-05-21 10:46:10,pendente
a00076,u74,jogo46,730.31,1.8,2025-05-21 10:01:10,perdeu
a00077,u36,jogo31,711.4,3.25,2025-05-21 11:13:10,perdeu
a00078,u58,jogo27,593.81,1.92,2025-05-21 10:55:10,pendente
a00079,u43,jogo24,475.99,2.57,2025-05-21 09:14:10,pendente
a00080,u18,jogo24,736.69,3.74,2025-05-21 10:59:10,ganhou
a00081,u58,jogo15,730.21,4.11,2025-05-21 10:35:10,pendente
a00082,u61,jogo29,700.06,4.79,2025-05-21 10:58:10,pendente
a00083,u19,jogo31,849.78,2.73,2025-05-21 10:09:10,perdeu
a00084,u51,jogo31,983.86,2.28,2025-05-21 09:37:10,pendente
a00085,u61,jogo33,762.51,3.73,2025-05-21 10:51:10,ganhou
a00086,u59,jogo27,944.88,2.15,2025-05-21 10:09:10,pendente
a00087,u75,jogo50,331.88,4.4,2025-05-21 09:51:10,pendente
a00088,u66,jogo21,609.13,3.25,2025-05-21 10:34:10,pendente
a00089,u35,jogo12,392.63,1.59,2025-05-21 10:14:10,perdeu
a00090,u75,jogo44,569.16,2.35,2025-05-21 11:25:10,pendente
a00091,u27,jogo35,114.84,3.39,2025-05-21 11:20:10,perdeu
a00092,u23,jogo10,719.26,2.18,2025-05-21 09:33:10,ganhou
a00093,u26,jogo9,983.15,4.42,2025-05-21 09:00:10,pendente
a00094,u72,jogo18,683.9,3.49,2025-05-21 10:16:10,ganhou
a00095,u61,jogo11,280.04,3.19,2025-05-21 11:30:10,ganhou
a00096,u98,jogo39,501.94,2.01,2025-05-21 11:28:10,pendente
a00097,u67,jogo30,563.35,3.18,2025-05-21 09:57:10,ganhou
a00098,u88,jogo44,734.24,4.7,2025-05-21 11:35:10,perdeu
a00099,u63,jogo2,79.13,3.45,2025-05-21 10:33:10,ganhou
a00100,u43,jogo23,159.43,3.81,2025-05-21 09:57:10,ganhou
a00101,u30,jogo22,612.49,2.41,2025-05-21 11:56:10,pendente
a00102,u53,jogo27,499.49,3.28,2025-05-21 11:29:10,perdeu
a00103,u54,jogo43,249.64,2.42,2025-05-21 10:15:10,ganhou
a00104,u83,jogo21,654.74,3.97,2025-05-21 10:46:10,pendente
a00105,u13,jogo19,723.56,4.21,2025-05-21 10:41:10,perdeu
a00106,u78,jogo13,436.51,3.48,2025-05-21 09:20:10,perdeu
a00107,u99,jogo32,334.32,2.32,2025-05-21 10:26:10,pendente
a00108,u17,jogo46,69.7,1.73,2025-05-21 10:17:10,ganhou
a00109,u52,jogo43,430.34,1.51,2025-05-21 09:13:10,pendente
a00110,u66,jogo6,166.31,2.19,2025-05-21 10:52:10,pendente
a00111,u31,jogo1,643.43,3.06,2025-05-21 09:42:10,ganhou
a00112,u64,jogo50,84.73,1.61,2025-05-21 11:15:10,perdeu
a00113,u31,jogo11,374.91,4.6,2025-05-21 09:15:10,perdeu
a00114,u82,jogo4,926.22,4.78,2025-05-21 09:01:10,ganhou
a00115,u90,jogo33,863.3,3.83,2025-05-21 11:15:10,perdeu
a00116,u82,jogo25,782.07,4.18,2025-05-21 10:55:10,perdeu
a00117,u31,jogo48,75.24,1.58,2025-05-21 11:13:10,ganhou
a00118,u43,jogo32,713.13,2.63,2025-05-21 09:04:10,ganhou
a00119,u40,jogo33,334.86,1.62,2025-05-21 09:41:10,ganhou
a00120,u34,jogo42,333.38,4.54,2025-05-21 11:13:10,ganhou
a00121,u65,jogo27,338.9,2.9,2025-05-21 11:05:10,pendente
a00122,u62,jogo37,484.52,4.15,2025-05-21 11:42:10,pendente
a00123,u65,jogo46,321.76,1.55,2025-05-21 09:24:10,pendente
a00124,u30,jogo3,621.61,2.45,2025-05-21 09:28:10,pendente
a00125,u23,jogo24,77.34,3.09,2025-05-21 11:00:10,pendente
a00126,u99,jogo47,862.04,1.96,2025-05-21 10:04:10,perdeu
a00127,u66,jogo34,520.15,2.03,2025-05-21 09:44:10,ganhou
a00128,u71,jogo48,678.18,4.64,2025-05-21 09:00:10,pendente
a00129,u78,jogo49,728.38,2.77,2025-05-21 11:45:10,perdeu
a00130,u20,jogo46,486.75,4.35,2025-05-21 11:35:10,ganhou
a00131,u45,jogo7,962.47,4.92,2025-05-21 09:54:10,ganhou
a00132,u50,jogo38,640.58,4.24,2025-05-21 11:31:10,ganhou
a00133,u67,jogo1,606.3,4.91,2025-05-21 09:49:10,pendente
a00134,u41,jogo4,298.57,2.9,2025-05-21 09:24:10,perdeu
a00135,u25,jogo18,606.73,3.46,2025-05-21 09:22:10,perdeu
a00136,u3,jogo21,51.94,4.21,2025-05-21 09:51:10,ganhou
a00137,u25,jogo21,801.21,3.63,2025-05-21 10:02:10,pendente
a00138,u100,jogo15,72.14,2.84,2025-05-21 11:02:10,pendente
a00139,u93,jogo28,527.45,2.96,2025-05-21 11:25:10,pendente
a00140,u58,jogo14,419.63,4.21,2025-05-21 10:49:10,ganhou
a00141,u95,jogo9,289.82,1.59,2025-05-21 11:02:10,perdeu
a00142,u68,jogo46,648.28,2.54,2025-05-21 11:34:10,ganhou
a00143,u57,jogo24,130.85,3.62,2025-05-21 10:07:10,perdeu
a00144,u46,jogo17,124.42,3.77,2025-05-21 10:19:10,pendente
a00145,u79,jogo18,367.44,2.96,2025-05-21 09:05:10,perdeu
a00146,u84,jogo27,240.53,2.67,2025-05-21 10:49:10,ganhou
a00147,u49,jogo26,401.15,3.48,2025-05-21 09:28:10,pendente
a00148,u97,jogo21,333.71,2.72,2025-05-21 11:50:10,pendente
a00149,u43,jogo45,192.14,2.12,2025-05-21 10:15:10,pendente
a00150,u36,jogo19,746.76,4.12,2025-05-21 10:20:10,perdeu
a00151,u90,jogo9,117.7,4.63,2025-05-21 09:30:10,pendente
a00152,u1,jogo12,207.62,4.73,2025-05-21 10:45:10,ganhou
a00153,u53,jogo26,163.67,4.55,2025-05-21 09:44:10,perdeu
a00154,u34,jogo39,750.74,4.66,2025-05-21 10:48:10,ganhou
a00155,u34,jogo45,439.61,3.28,2025-05-21 10:57:10,pendente
a00156,u74,jogo3,82.13,1.76,2025-05-21 09:39:10,ganhou
a00157,u95,jogo43,117.31,1.85,2025-05-21 11:46:10,ganhou
a00158,u51,jogo32,969.24,4.18,2025-05-21 09:02:10,ganhou
a00159,u79,jogo50,255.13,3.34,2025-05-21 11:09:10,pendente
a00160,u29,jogo41,451.12,2.38,2025-05-21 11:17:10,perdeu
a00161,u13,jogo1,118.94,3.88,2025-05-21 09:11:10,pendente
a00162,u4,jogo25,674.59,1.65,2025-05-21 09:00:10,pendente
a00163,u46,jogo41,106.55,2.64,2025-05-21 10:06:10,ganhou
a00164,u10,jogo6,571.16,3.61,2025-05-21 11:46:10,perdeu
a00165,u83,jogo48,198.3,2.59,2025-05-21 11:58:10,perdeu
a00166,u10,jogo46,765.12,2.34,2025-05-21 09:15:10,pendente
a00167,u90,jogo43,353.47,4.37,2025-05-21 11:49:10,ganhou
a00168,u24,jogo40,503.84,3.37,2025-05-21 11:09:10,perdeu
a00169,u77,jogo49,657.61,2.52,2025-05-21 09:15:10,perdeu
a00170,u98,jogo42,141.85,2.52,2025-05-21 10:47:10,pendente
a00171,u97,jogo33,404.72,1.79,2025-05-21 11:18:10,perdeu
a00172,u96,jogo42,600.6,2.08,2025-05-21 11:14:10,perdeu
a00173,u47,jogo2,291.08,3.35,2025-05-21 10:39:10,ganhou
a00174,u48,jogo21,706.56,4.23,2025-05-21 09:37:10,ganhou
a00175,u100,jogo49,479.98,2.51,2025-05-21 09:41:10,pendente
a00176,u71,jogo16,136.21,2.95,2025-05-21 09:06:10,pendente
a00177,u40,jogo37,618.22,2.97,2025-05-21 11:22:10,ganhou
a00178,u24,jogo13,625.61,3.78,2025-05-21 10:19:10,perdeu
a00179,u97,jogo43,751.13,2.02,2025-05-21 09:09:10,ganhou
a00180,u52,jogo41,187.02,2.32,2025-05-21 09:01:10,perdeu
a00181,u95,jogo17,881.23,2.15,2025-05-21 10:02:10,ganhou
a00182,u94,jogo10,750.99,4.21,2025-05-21 09:58:10,ganhou
a00183,u65,jogo27,92.56,3.2,2025-05-21 11:54:10,pendente
a00184,u36,jogo27,908.06,4.04,2025-05-21 11:04:10,perdeu
a00185,u65,jogo4,178.63,2.42,2025-05-21 11:57:10,pendente
a00186,u23,jogo19,674.12,4.21,2025-05-21 10:19:10,pendente
a00187,u18,jogo41,883.61,2.82,2025-05-21 09:48:10,ganhou
a00188,u41,jogo41,592.59,3.99,2025-05-21 11:39:10,perdeu
a00189,u40,jogo47,297.16,2.74,2025-05-21 09:45:10,pendente
a00190,u12,jogo39,702.35,3.61,2025-05-21 11:02:10,ganhou
a00191,u90,jogo5,854.35,3.81,2025-05-21 09:23:10,pendente
a00192,u31,jogo37,157.87,3.71,2025-05-21 10:34:10,perdeu
a00193,u81,jogo6,605.21,2.27,2025-05-21 11:04:10,ganhou
a00194,u53,jogo25,849.97,2.59,2025-05-21 10:52:10,ganhou
a00195,u35,jogo11,794.01,2.12,2025-05-21 09:30:10,pendente
a00196,u43,jogo48,188.55,3.42,2025-05-21 09:52:10,ganhou
a00197,u18,jogo12,433.41,1.65,2025-05-21 10:12:10,perdeu
a00198,u28,jogo25,406.46,4.85,2025-05-21 09:46:10,pendente
a00199,u2,jogo26,213.33,1.65,2025-05-21 10:19:10,perdeu
a00200,u47,jogo15,724.61,4.6,2025-05-21 11:20:10,pendente
a00201,u18,jogo23,587.08,3.55,2025-05-21 11:17:10,pendente
a00202,u2,jogo19,453.44,2.09,2025-05-21 10:07:10,ganhou
a00203,u40,jogo37,594.7,4.55,2025-05-21 11:19:10,pendente
a00204,u2,jogo11,388.93,2.74,2025-05-21 11:02:10,pendente
a00205,u99,jogo21,620.3,5.0,2025-05-21 09:20:10,perdeu
a00206,u70,jogo30,170.98,3.85,2025-05-21 09:07:10,perdeu
a00207,u19,jogo7,543.95,2.77,2025-05-21 11:00:10,perdeu
a00208,u46,jogo45,114.73,4.3,2025-05-21 09:05:10,ganhou
a00209,u25,jogo28,179.74,2.92,2025-05-21 11:59:10,ganhou
a00210,u93,jogo31,835.89,3.59,2025-05-21 11:17:10,ganhou
a00211,u20,jogo10,492.05,2.93,2025-05-21 11:20:10,perdeu
a00212,u48,jogo19,69.44,2.97,2025-05-21 09:57:10,ganhou
a00213,u1,jogo28,163.14,1.63,2025-05-21 11:12:10,perdeu
a00214,u69,jogo23,141.51,3.5,2025-05-21 09:12:10,perdeu
a00215,u40,jogo44,103.61,4.05,2025-05-21 10:51:10,pendente
a00216,u87,jogo23,253.11,4.93,2025-05-21 11:40:10,ganhou
a00217,u8,jogo14,97.05,4.19,2025-05-21 10:40:10,pendente
a00218,u80,jogo41,534.7,2.58,2025-05-21 11:40:10,ganhou
a00219,u64,jogo43,274.56,3.28,2025-05-21 10:59:10,pendente
a00220,u88,jogo22,162.57,2.1,2025-05-21 10:46:10,perdeu
a00221,u27,jogo22,76.45,3.53,2025-05-21 10:50:10,perdeu
a00222,u3,jogo42,144.03,3.5,2025-05-21 10:14:10,ganhou
a00223,u48,jogo41,774.68,2.35,2025-05-21 10:37:10,ganhou
a00224,u22,jogo25,439.69,3.14,2025-05-21 10:18:10,pendente
a00225,u23,jogo40,486.34,4.54,2025-05-21 11:25:10,perdeu
a00226,u39,jogo46,413.67,4.25,2025-05-21 09:31:10,perdeu
a00227,u70,jogo2,150.13,2.93,2025-05-21 09:58:10,perdeu
a00228,u72,jogo24,565.22,2.67,2025-05-21 10:40:10,perdeu
a00229,u61,jogo40,80.94,4.19,2025-05-21 11:03:10,perdeu
a00230,u88,jogo32,103.45,4.77,2025-05-21 11:57:10,perdeu
a00231,u39,jogo21,726.31,1.5,2025-05-21 11:15:10,ganhou
a00232,u97,jogo46,986.26,4.23,2025-05-21 09:42:10,ganhou
a00233,u98,jogo9,410.3,2.61,2025-05-21 10:45:10,perdeu
a00234,u40,jogo2,861.48,2.36,2025-05-21 11:11:10,perdeu
a00235,u12,jogo6,100.23,2.19,2025-05-21 10:58:10,ganhou
a00236,u4,jogo50,77.71,1.55,2025-05-21 09:52:10,pendente
a00237,u70,jogo30,905.71,4.64,2025-05-21 09:10:10,ganhou
a00238,u13,jogo38,690.82,4.43,2025-05-21 11:56:10,perdeu
a00239,u25,jogo1,533.53,2.3,2025-05-21 11:59:10,pendente
a00240,u46,jogo32,222.47,4.96,2025-05-21 09:59:10,pendente
a00241,u41,jogo39,380.46,3.29,2025-05-21 09:20:10,perdeu
a00242,u69,jogo34,653.29,2.66,2025-05-21 10:16:10,ganhou
a00243,u48,jogo30,784.75,2.18,2025-05-21 10:37:10,perdeu
a00244,u46,jogo29,518.46,2.23,2025-05-21 11:03:10,perdeu
a00245,u24,jogo40,466.09,4.32,2025-05-21 11:06:10,perdeu
a00246,u89,jogo19,112.14,2.56,2025-05-21 10:52:10,pendente
a00247,u1,jogo40,941.54,2.57,2025-05-21 09:52:10,perdeu
a00248,u75,jogo27,281.61,4.77,2025-05-21 10:36:10,pendente
a00249,u52,jogo46,658.99,3.6,2025-05-21 09:33:10,pendente
a00250,u21,jogo6,465.7,4.93,2025-05-21 11:14:10,ganhou
a00251,u84,jogo43,643.72,1.77,2025-05-21 10:22:10,ganhou
a00252,u3,jogo46,914.11,4.77,2025-05-21 10:18:10,pendente
a00253,u26,jogo6,653.74,4.37,2025-05-21 10:16:10,pendente
a00254,u80,jogo49,454.57,2.16,2025-05-21 09:29:10,ganhou
a00255,u67,jogo3,401.49,4.97,2025-05-21 11:29:10,pendente
a00256,u12,jogo13,120.04,4.83,2025-05-21 09:34:10,perdeu
a00257,u41,jogo1,131.19,3.39,2025-05-21 09:12:10,perdeu
a00258,u51,jogo29,910.67,3.5,2025-05-21 11:19:10,perdeu
a00259,u49,jogo34,865.85,4.11,2025-05-21 11:58:10,perdeu
a00260,u3,jogo13,683.33,2.0,2025-05-21 11:49:10,ganhou
a00261,u92,jogo16,360.19,3.44,2025-05-21 10:35:10,perdeu
a00262,u20,jogo21,615.86,4.75,2025-05-21 09:45:10,pendente
a00263,u26,jogo34,570.53,4.56,2025-05-21 11:57:10,pendente
a00264,u57,jogo1,85.37,3.93,2025-05-21 10:40:10,pendente
a00265,u20,jogo46,529.97,4.3,2025-05-21 09:37:10,perdeu
a00266,u48,jogo19,940.2,2.75,2025-05-21 10:05:10,ganhou
a00267,u14,jogo1,156.67,4.43,2025-05-21 09:27:10,perdeu
a00268,u51,jogo29,504.84,3.04,2025-05-21 11:49:10,ganhou
a00269,u97,jogo14,640.93,3.57,2025-05-21 09:35:10,pendente
a00270,u73,jogo20,733.02,2.94,2025-05-21 09:22:10,pendente
a00271,u72,jogo31,295.58,1.54,2025-05-21 11:50:10,perdeu
a00272,u79,jogo18,806.65,4.66,2025-05-21 10:11:10,pendente
a00273,u8,jogo47,933.17,2.26,2025-05-21 10:18:10,pendente
a00274,u24,jogo12,714.45,4.91,2025-05-21 11:58:10,pendente
a00275,u50,jogo25,622.03,2.74,2025-05-21 09:20:10,ganhou
a00276,u33,jogo50,448.37,2.16,2025-05-21 11:59:10,pendente
a00277,u80,jogo36,973.35,4.76,2025-05-21 11:31:10,ganhou
a00278,u49,jogo1,555.63,1.52,2025-05-21 09:51:10,pendente
a00279,u13,jogo26,397.99,4.98,2025-05-21 09:38:10,pendente
a00280,u91,jogo37,756.07,4.24,2025-05-21 09:59:10,perdeu
a00281,u29,jogo31,50.79,2.89,2025-05-21 11:15:10,ganhou
a00282,u91,jogo11,206.58,4.09,2025-05-21 09:02:10,ganhou
a00283,u63,jogo10,901.01,3.76,2025-05-21 09:58:10,perdeu
a00284,u77,jogo34,297.72,3.87,2025-05-21 10:50:10,perdeu
a00285,u71,jogo46,437.35,3.26,2025-05-21 11:22:10,perdeu
a00286,u10,jogo14,668.87,2.13,2025-05-21 11:49:10,pendente
a00287,u83,jogo31,430.24,2.43,2025-05-21 11:02:10,pendente
a00288,u93,jogo29,757.97,4.4,2025-05-21 10:24:10,pendente
a00289,u71,jogo42,742.88,2.57,2025-05-21 10:46:10,perdeu
a00290,u28,jogo2,531.14,3.2,2025-05-21 10:38:10,ganhou
a00291,u87,jogo44,869.31,3.25,2025-05-21 10:38:10,perdeu
a00292,u98,jogo3,717.47,4.85,2025-05-21 09:46:10,ganhou
a00293,u41,jogo39,184.1,3.41,2025-05-21 10:31:10,pendente
a00294,u52,jogo44,238.09,2.29,2025-05-21 10:34:10,pendente
a00295,u20,jogo18,895.98,3.82,2025-05-21 09:12:10,perdeu
a00296,u70,jogo44,781.21,4.48,2025-05-21 10:59:10,pendente
a00297,u93,jogo46,872.18,2.73,2025-05-21 09:08:10,perdeu
a00298,u52,jogo33,365.64,1.66,2025-05-21 09:31:10,perdeu
a00299,u31,jogo46,253.8,2.62,2025-05-21 10:02:10,ganhou
a00300,u13,jogo42,100.51,1.69,2025-05-21 11:04:10,pendente
a00301,u40,jogo23,57.76,3.82,2025-05-21 11:26:10,perdeu
a00302,u52,jogo2,807.82,2.0,2025-05-21 10:02:10,ganhou
a00303,u78,jogo30,886.44,3.67,2025-05-21 11:13:10,perdeu
a00304,u86,jogo5,340.23,4.3,2025-05-21 10:20:10,pendente
a00305,u28,jogo35,683.26,3.49,2025-05-21 09:23:10,perdeu
a00306,u1,jogo37,429.54,3.09,2025-05-21 11:58:10,pendente
a00307,u13,jogo45,160.38,3.37,2025-05-21 09:52:10,ganhou
a00308,u23,jogo23,89.79,4.06,2025-05-21 09:26:10,ganhou
a00309,u17,jogo47,185.51,3.6,2025-05-21 10:52:10,ganhou
a00310,u6,jogo12,97.41,4.25,2025-05-21 09:51:10,perdeu
a00311,u45,jogo12,290.19,2.86,2025-05-21 09:30:10,perdeu
a00312,u64,jogo15,295.31,2.95,2025-05-21 11:20:10,pendente
a00313,u75,jogo20,860.71,2.94,2025-05-21 09:46:10,perdeu
a00314,u50,jogo10,744.3,4.66,2025-05-21 09:08:10,perdeu
a00315,u7,jogo42,591.74,4.47,2025-05-21 09:41:10,ganhou
a00316,u7,jogo17,339.07,2.44,2025-05-21 10:14:10,perdeu
a00317,u74,jogo34,828.66,2.66,2025-05-21 09:41:10,ganhou
a00318,u24,jogo48,777.29,1.95,2025-05-21 11:13:10,ganhou
a00319,u82,jogo5,804.95,4.64,2025-05-21 11:38:10,ganhou
a00320,u29,jogo9,349.03,3.95,2025-05-21 09:08:10,pendente
a00321,u18,jogo9,95.26,2.86,2025-05-21 09:06:10,ganhou
a00322,u84,jogo21,462.15,2.05,2025-05-21 09:23:10,ganhou
a00323,u38,jogo47,587.59,3.62,2025-05-21 11:25:10,perdeu
a00324,u13,jogo20,106.25,3.4,2025-05-21 10:29:10,ganhou
a00325,u44,jogo1,675.19,3.07,2025-05-21 11:34:10,perdeu
a00326,u10,jogo40,137.32,1.53,2025-05-21 11:18:10,pendente
a00327,u20,jogo20,908.96,2.49,2025-05-21 10:10:10,pendente
a00328,u44,jogo47,343.25,4.32,2025-05-21 09:54:10,ganhou
a00329,u53,jogo22,221.99,4.33,2025-05-21 09:23:10,pendente
a00330,u85,jogo46,63.09,1.76,2025-05-21 10:27:10,ganhou
a00331,u55,jogo8,709.99,2.81,2025-05-21 11:04:10,perdeu
a00332,u33,jogo34,700.09,1.73,2025-05-21 09:57:10,ganhou
a00333,u14,jogo36,224.92,4.18,2025-05-21 09:24:10,pendente
a00334,u56,jogo16,963.56,2.47,2025-05-21 09:09:10,perdeu
a00335,u75,jogo43,844.96,1.55,2025-05-21 11:43:10,pendente
a00336,u49,jogo2,641.03,3.12,2025-05-21 09:35:10,perdeu
a00337,u28,jogo4,177.78,4.3,2025-05-21 10:01:10,ganhou
a00338,u32,jogo11,946.18,2.45,2025-05-21 10:41:10,ganhou
a00339,u16,jogo5,509.47,3.6,2025-05-21 11:40:10,perdeu
a00340,u4,jogo38,122.55,2.27,2025-05-21 11:50:10,pendente
a00341,u57,jogo15,389.86,4.06,2025-05-21 11:37:10,pendente
a00342,u90,jogo33,963.0,3.76,2025-05-21 11:21:10,perdeu
a00343,u34,jogo34,886.58,3.12,2025-05-21 08:59:10,pendente
a00344,u90,jogo49,590.1,2.37,2025-05-21 10:04:10,ganhou
a00345,u40,jogo36,638.69,4.75,2025-05-21 11:26:10,ganhou
a00346,u83,jogo28,908.57,2.51,2025-05-21 11:02:10,perdeu
a00347,u3,jogo2,520.11,4.28,2025-05-21 11:53:10,ganhou
a00348,u38,jogo43,51.31,4.16,2025-05-21 09:02:10,ganhou
a00349,u3,jogo17,116.47,3.73,2025-05-21 09:44:10,pendente
a00350,u77,jogo23,431.8,2.08,2025-05-21 11:22:10,perdeu
a00351,u93,jogo26,210.86,2.64,2025-05-21 09:18:10,pendente
a00352,u80,jogo11,898.23,3.83,2025-05-21 10:53:10,perdeu
a00353,u85,jogo13,291.47,3.8,2025-05-21 09:04:10,pendente
a00354,u73,jogo29,384.46,4.22,2025-05-21 09:15:10,ganhou
a00355,u72,jogo5,436.97,3.26,2025-05-21 10:20:10,ganhou
a00356,u9,jogo8,522.18,4.21,2025-05-21 09:53:10,ganhou
a00357,u96,jogo29,210.51,3.13,2025-05-21 10:55:10,pendente
a00358,u50,jogo37,670.48,1.58,2025-05-21 09:14:10,perdeu
a00359,u31,jogo38,691.84,1.69,2025-05-21 10:50:10,pendente
a00360,u4,jogo45,514.41,4.88,2025-05-21 11:33:10,ganhou
a00361,u47,jogo19,152.0,4.09,2025-05-21 11:05:10,ganhou
a00362,u52,jogo19,333.68,3.5,2025-05-21 11:39:10,pendente
a00363,u1,jogo12,861.56,2.14,2025-05-21 11:36:10,pendente
a00364,u83,jogo18,279.87,4.7,2025-05-21 11:17:10,pendente
a00365,u74,jogo5,752.85,3.08,2025-05-21 11:33:10,pendente
a00366,u3,jogo7,184.39,3.77,2025-05-21 10:01:10,ganhou
a00367,u9,jogo33,832.75,4.91,2025-05-21 09:25:10,ganhou
a00368,u15,jogo4,630.56,4.63,2025-05-21 11:19:10,ganhou
a00369,u11,jogo22,937.3,3.43,2025-05-21 10:12:10,perdeu
a00370,u80,jogo2,534.78,3.3,2025-05-21 10:32:10,pendente
a00371,u35,jogo24,572.71,4.18,2025-05-21 10:19:10,ganhou
a00372,u17,jogo43,98.79,1.65,2025-05-21 10:53:10,ganhou
a00373,u71,jogo2,464.98,1.8,2025-05-21 10:23:10,perdeu
a00374,u14,jogo47,177.57,3.67,2025-05-21 10:56:10,ganhou
a00375,u3,jogo31,922.3,2.98,2025-05-21 09:52:10,pendente
a00376,u11,jogo24,366.28,4.06,2025-05-21 09:12:10,ganhou
a00377,u56,jogo18,332.04,4.34,2025-05-21 10:55:10,pendente
a00378,u30,jogo3,428.58,2.18,2025-05-21 10:08:10,ganhou
a00379,u54,jogo26,878.95,2.32,2025-05-21 11:12:10,perdeu
a00380,u81,jogo46,884.66,2.59,2025-05-21 10:07:10,perdeu
a00381,u32,jogo32,618.69,4.14,2025-05-21 09:46:10,perdeu
a00382,u32,jogo50,60.38,4.98,2025-05-21 11:29:10,pendente
a00383,u62,jogo31,741.56,1.76,2025-05-21 10:49:10,pendente
a00384,u55,jogo43,927.33,2.59,2025-05-21 09:04:10,ganhou
a00385,u2,jogo2,945.74,2.41,2025-05-21 11:29:10,ganhou
a00386,u21,jogo43,735.63,1.66,2025-05-21 11:55:10,pendente
a00387,u49,jogo31,611.84,4.69,2025-05-21 10:42:10,perdeu
a00388,u4,jogo34,857.81,2.09,2025-05-21 09:18:10,ganhou
a00389,u75,jogo40,698.18,4.5,2025-05-21 10:54:10,pendente
a00390,u75,jogo29,985.81,2.99,2025-05-21 09:41:10,ganhou
a00391,u13,jogo5,582.9,2.11,2025-05-21 09:13:10,perdeu
a00392,u69,jogo44,255.63,2.08,2025-05-21 10:06:10,ganhou
a00393,u84,jogo8,177.45,4.93,2025-05-21 09:28:10,perdeu
a00394,u45,jogo36,834.73,2.68,2025-05-21 09:48:10,ganhou
a00395,u16,jogo18,219.77,2.49,2025-05-21 11:44:10,perdeu
a00396,u17,jogo18,321.97,3.87,2025-05-21 09:38:10,pendente
a00397,u32,jogo39,126.52,2.16,2025-05-21 11:20:10,ganhou
a00398,u93,jogo37,341.93,2.95,2025-05-21 09:43:10,perdeu
a00399,u79,jogo25,205.26,1.6,2025-05-21 11:38:10,pendente
a00400,u31,jogo41,436.75,3.06,2025-05-21 09:05:10,perdeu
a00401,u29,jogo2,158.55,3.3,2025-05-21 10:11:10,ganhou
a00402,u74,jogo33,563.89,2.62,2025-05-21 10:57:10,pendente
a00403,u29,jogo3,907.98,3.68,2025-05-21 10:10:10,ganhou
a00404,u75,jogo30,402.65,1.78,2025-05-21 09:38:10,perdeu
a00405,u20,jogo46,701.88,2.69,2025-05-21 11:52:10,ganhou
a00406,u74,jogo15,918.55,4.14,2025-05-21 11:14:10,ganhou
a00407,u38,jogo26,235.8,4.5,2025-05-21 11:01:10,pendente
a00408,u22,jogo19,385.39,1.71,2025-05-21 10:10:10,ganhou
a00409,u41,jogo24,587.46,1.96,2025-05-21 09:04:10,perdeu
a00410,u90,jogo8,281.7,4.11,2025-05-21 11:35:10,ganhou
a00411,u88,jogo25,348.43,1.6,2025-05-21 11:03:10,pendente
a00412,u39,jogo13,775.96,1.85,2025-05-21 11:10:10,ganhou
a00413,u30,jogo9,359.81,4.11,2025-05-21 10:51:10,pendente
a00414,u18,jogo17,477.81,4.22,2025-05-21 11:07:10,pendente
a00415,u86,jogo21,801.53,4.12,2025-05-21 11:33:10,perdeu
a00416,u10,jogo26,618.37,3.81,2025-05-21 10:45:10,perdeu
a00417,u40,jogo28,69.61,3.36,2025-05-21 10:15:10,pendente
a00418,u17,jogo27,398.81,2.97,2025-05-21 11:58:10,ganhou
a00419,u21,jogo3,278.84,3.87,2025-05-21 09:31:10,pendente
a00420,u30,jogo23,511.34,3.91,2025-05-21 11:42:10,perdeu
a00421,u100,jogo23,776.71,1.96,2025-05-21 10:54:10,perdeu
a00422,u95,jogo32,271.97,1.85,2025-05-21 11:07:10,perdeu
a00423,u19,jogo41,894.19,4.34,2025-05-21 09:54:10,pendente
a00424,u41,jogo48,86.76,3.14,2025-05-21 09:15:10,pendente
a00425,u19,jogo23,489.85,1.9,2025-05-21 10:24:10,ganhou
a00426,u51,jogo8,600.98,2.71,2025-05-21 10:44:10,ganhou
a00427,u26,jogo25,476.62,4.56,2025-05-21 11:35:10,ganhou
a00428,u40,jogo34,142.77,3.75,2025-05-21 10:36:10,ganhou
a00429,u82,jogo48,359.2,2.53,2025-05-21 11:42:10,ganhou
a00430,u85,jogo35,942.1,3.65,2025-05-21 09:34:10,perdeu
a00431,u74,jogo33,793.23,3.82,2025-05-21 10:13:10,perdeu
a00432,u23,jogo9,819.56,4.26,2025-05-21 10:55:10,ganhou
a00433,u91,jogo24,821.65,2.75,2025-05-21 10:05:10,perdeu
a00434,u10,jogo50,678.63,1.73,2025-05-21 10:35:10,pendente
a00435,u70,jogo21,143.24,3.24,2025-05-21 11:22:10,ganhou
a00436,u90,jogo5,322.14,2.72,2025-05-21 11:09:10,pendente
a00437,u19,jogo20,943.79,2.33,2025-05-21 11:07:10,pendente
a00438,u61,jogo27,884.17,4.95,2025-05-21 09:53:10,perdeu
a00439,u68,jogo36,232.65,2.63,2025-05-21 11:21:10,pendente
a00440,u63,jogo25,120.16,3.57,2025-05-21 11:38:10,perdeu
a00441,u36,jogo32,193.31,3.27,2025-05-21 10:27:10,pendente
a00442,u59,jogo9,885.01,2.19,2025-05-21 11:03:10,ganhou
a00443,u63,jogo6,714.32,4.14,2025-05-21 11:54:10,ganhou
a00444,u21,jogo20,276.29,4.47,2025-05-21 09:47:10,pendente
a00445,u46,jogo11,606.13,4.84,2025-05-21 09:48:10,ganhou
a00446,u34,jogo13,740.85,3.51,2025-05-21 11:12:10,perdeu
a00447,u31,jogo45,747.47,4.22,2025-05-21 09:30:10,perdeu
a00448,u30,jogo17,966.7,3.55,2025-05-21 10:09:10,pendente
a00449,u84,jogo26,913.34,2.8,2025-05-21 11:47:10,pendente
a00450,u89,jogo36,520.5,4.55,2025-05-21 09:34:10,pendente
a00451,u65,jogo48,167.11,2.41,2025-05-21 11:41:10,perdeu
a00452,u42,jogo3,808.51,2.87,2025-05-21 11:53:10,perdeu
a00453,u75,jogo28,436.32,3.79,2025-05-21 10:01:10,ganhou
a00454,u73,jogo41,448.13,2.77,2025-05-21 11:12:10,ganhou
a00455,u20,jogo7,143.51,3.73,2025-05-21 11:24:10,perdeu
a00456,u75,jogo2,70.22,3.54,2025-05-21 09:31:10,ganhou
a00457,u13,jogo34,321.27,3.39,2025-05-21 11:41:10,pendente
a00458,u53,jogo7,234.99,4.06,2025-05-21 10:03:10,pendente
a00459,u88,jogo20,130.12,4.3,2025-05-21 09:07:10,pendente
a00460,u89,jogo40,337.56,4.34,2025-05-21 11:18:10,ganhou
a00461,u52,jogo14,544.75,4.02,2025-05-21 11:33:10,perdeu
a00462,u18,jogo7,872.22,4.71,2025-05-21 09:12:10,pendente
a00463,u87,jogo32,820.76,3.49,2025-05-21 11:36:10,perdeu
a00464,u98,jogo36,248.95,4.29,2025-05-21 10:25:10,ganhou
a00465,u31,jogo5,107.85,4.54,2025-05-21 10:17:10,pendente
a00466,u61,jogo8,240.99,4.4,2025-05-21 11:10:10,perdeu
a00467,u93,jogo38,624.88,3.83,2025-05-21 10:21:10,pendente
a00468,u32,jogo40,553.18,3.29,2025-05-21 10:43:10,perdeu
a00469,u72,jogo34,953.12,2.71,2025-05-21 11:57:10,pendente
a00470,u14,jogo44,781.66,3.13,2025-05-21 11:01:10,ganhou
a00471,u21,jogo19,639.37,2.35,2025-05-21 10:38:10,ganhou
a00472,u87,jogo50,964.61,2.44,2025-05-21 10:15:10,pendente
a00473,u57,jogo45,341.54,3.78,2025-05-21 11:56:10,perdeu
a00474,u45,jogo16,994.33,1.86,2025-05-21 10:36:10,perdeu
a00475,u54,jogo8,931.65,2.56,2025-05-21 10:06:10,ganhou
a00476,u73,jogo14,168.32,3.99,2025-05-21 09:13:10,ganhou
a00477,u51,jogo22,147.44,2.07,2025-05-21 10:41:10,pendente
a00478,u5,jogo7,83.86,4.08,2025-05-21 09:11:10,perdeu
a00479,u32,jogo43,930.27,1.55,2025-05-21 11:26:10,pendente
a00480,u34,jogo47,440.39,2.32,2025-05-21 09:57:10,ganhou
a00481,u25,jogo44,583.45,2.08,2025-05-21 09:12:10,ganhou
a00482,u9,jogo17,816.26,2.68,2025-05-21 09:57:10,perdeu
a00483,u79,jogo43,354.88,4.05,2025-05-21 10:01:10,ganhou
a00484,u44,jogo1,665.15,1.69,2025-05-21 09:05:10,pendente
a00485,u93,jogo37,692.17,4.14,2025-05-21 09:17:10,pendente
a00486,u68,jogo45,978.6,4.99,2025-05-21 11:43:10,ganhou
a00487,u55,jogo12,238.98,3.88,2025-05-21 09:31:10,pendente
a00488,u83,jogo8,66.84,3.76,2025-05-21 11:25:10,pendente
a00489,u81,jogo46,646.51,4.42,2025-05-21 10:55:10,ganhou
a00490,u38,jogo9,438.1,4.8,2025-05-21 10:35:10,pendente
a00491,u44,jogo7,369.22,2.04,2025-05-21 10:15:10,ganhou
a00492,u28,jogo20,942.16,3.73,2025-05-21 11:37:10,perdeu
a00493,u43,jogo47,566.03,2.03,2025-05-21 10:19:10,ganhou
a00494,u34,jogo42,169.4,1.96,2025-05-21 10:59:10,ganhou
a00495,u94,jogo43,234.88,1.99,2025-05-21 09:55:10,ganhou
a00496,u95,jogo42,756.08,4.32,2025-05-21 10:19:10,perdeu
a00497,u19,jogo18,827.76,3.53,2025-05-21 10:16:10,ganhou
a00498,u21,jogo45,273.77,1.55,2025-05-21 09:28:10,ganhou
a00499,u81,jogo35,426.18,4.32,2025-05-21 09:25:10,ganhou
a00500,u21,jogo1,489.08,4.05,2025-05-21 11:12:10,pendente
a00501,u77,jogo12,122.53,2.56,2025-05-21 10:32:10,ganhou
a00502,u23,jogo12,120.67,4.93,2025-05-21 09:02:10,ganhou
a00503,u4,jogo37,312.66,1.82,2025-05-21 10:48:10,perdeu
a00504,u22,jogo7,968.02,4.96,2025-05-21 09:08:10,ganhou
a00505,u49,jogo21,942.06,2.59,2025-05-21 09:02:10,ganhou
a00506,u87,jogo8,156.62,4.8,2025-05-21 09:31:10,perdeu
a00507,u24,jogo23,607.05,1.66,2025-05-21 11:27:10,perdeu
a00508,u26,jogo29,377.5,2.23,2025-05-21 11:14:10,pendente
a00509,u15,jogo25,901.72,4.88,2025-05-21 10:53:10,perdeu
a00510,u96,jogo4,812.47,2.24,2025-05-21 10:22:10,pendente
a00511,u58,jogo17,538.47,4.62,2025-05-21 11:13:10,ganhou
a00512,u71,jogo1,60.76,1.61,2025-05-21 10:45:10,ganhou
a00513,u57,jogo33,815.51,4.07,2025-05-21 09:32:10,perdeu
a00514,u44,jogo39,215.61,4.15,2025-05-21 09:18:10,ganhou
a00515,u21,jogo11,177.43,1.75,2025-05-21 11:43:10,pendente
a00516,u81,jogo29,617.85,3.84,2025-05-21 11:57:10,ganhou
a00517,u45,jogo14,849.04,3.87,2025-05-21 10:30:10,perdeu
a00518,u48,jogo39,338.41,1.94,2025-05-21 10:36:10,pendente
a00519,u57,jogo24,799.83,4.16,2025-05-21 10:03:10,ganhou
a00520,u58,jogo15,376.94,4.75,2025-05-21 11:17:10,pendente
a00521,u81,jogo24,829.83,4.17,2025-05-21 10:46:10,ganhou
a00522,u91,jogo16,439.24,2.91,2025-05-21 10:13:10,perdeu
a00523,u39,jogo36,250.7,3.01,2025-05-21 10:55:10,pendente
a00524,u9,jogo6,109.27,4.03,2025-05-21 09:06:10,pendente
a00525,u69,jogo8,130.64,3.1,2025-05-21 10:52:10,perdeu
a00526,u99,jogo34,211.27,4.37,2025-05-21 11:24:10,perdeu
a00527,u8,jogo2,392.17,1.55,2025-05-21 09:29:10,perdeu
a00528,u57,jogo12,132.58,3.89,2025-05-21 10:57:10,pendente
a00529,u1,jogo19,968.64,3.06,2025-05-21 11:25:10,ganhou
a00530,u66,jogo47,996.99,3.71,2025-05-21 11:39:10,perdeu
a00531,u71,jogo20,118.32,3.56,2025-05-21 11:07:10,ganhou
a00532,u34,jogo47,384.95,2.67,2025-05-21 10:28:10,perdeu
a00533,u93,jogo37,152.63,3.97,2025-05-21 09:57:10,pendente
a00534,u66,jogo37,589.38,2.1,2025-05-21 10:06:10,ganhou
a00535,u71,jogo16,91.05,3.19,2025-05-21 11:08:10,pendente
a00536,u63,jogo33,772.65,3.91,2025-05-21 10:14:10,perdeu
a00537,u11,jogo42,615.12,1.64,2025-05-21 11:37:10,pendente
a00538,u93,jogo36,281.9,2.95,2025-05-21 10:07:10,pendente
a00539,u83,jogo40,942.32,2.03,2025-05-21 10:27:10,ganhou
a00540,u98,jogo25,96.65,2.84,2025-05-21 10:48:10,pendente
a00541,u34,jogo5,380.64,3.13,2025-05-21 10:52:10,perdeu
a00542,u62,jogo20,526.84,1.83,2025-05-21 11:34:10,ganhou
a00543,u16,jogo14,776.24,2.96,2025-05-21 09:20:10,pendente
a00544,u69,jogo38,343.37,4.65,2025-05-21 09:44:10,ganhou
a00545,u30,jogo13,475.07,2.75,2025-05-21 10:51:10,pendente
a00546,u100,jogo37,55.38,2.24,2025-05-21 09:25:10,pendente
a00547,u32,jogo32,403.84,4.44,2025-05-21 10:53:10,perdeu
a00548,u50,jogo8,273.98,4.5,2025-05-21 11:09:10,ganhou
a00549,u97,jogo42,393.73,2.78,2025-05-21 11:43:10,ganhou
a00550,u85,jogo33,939.97,3.48,2025-05-21 11:25:10,perdeu
a00551,u38,jogo44,689.66,1.77,2025-05-21 10:47:10,pendente
a00552,u35,jogo27,794.06,1.81,2025-05-21 11:21:10,perdeu
a00553,u80,jogo43,438.93,2.38,2025-05-21 11:07:10,ganhou
a00554,u37,jogo6,964.54,1.86,2025-05-21 11:20:10,ganhou
a00555,u49,jogo42,209.09,1.74,2025-05-21 10:20:10,perdeu
a00556,u53,jogo6,395.18,2.44,2025-05-21 09:38:10,perdeu
a00557,u99,jogo15,587.62,4.7,2025-05-21 09:12:10,ganhou
a00558,u32,jogo4,731.19,1.7,2025-05-21 09:47:10,ganhou
a00559,u28,jogo4,55.62,2.68,2025-05-21 10:01:10,pendente
a00560,u60,jogo37,930.21,1.86,2025-05-21 11:57:10,perdeu
a00561,u4,jogo31,437.33,4.08,2025-05-21 11:46:10,pendente
a00562,u55,jogo1,605.68,3.88,2025-05-21 09:14:10,pendente
a00563,u83,jogo30,712.63,2.17,2025-05-21 10:41:10,pendente
a00564,u85,jogo34,559.77,3.48,2025-05-21 11:32:10,ganhou
a00565,u98,jogo50,955.37,4.47,2025-05-21 09:49:10,pendente
a00566,u64,jogo11,672.32,3.68,2025-05-21 11:17:10,ganhou
a00567,u11,jogo41,832.59,3.37,2025-05-21 09:12:10,ganhou
a00568,u100,jogo32,561.59,3.8,2025-05-21 11:15:10,ganhou
a00569,u5,jogo11,869.74,2.03,2025-05-21 09:33:10,perdeu
a00570,u43,jogo29,390.88,2.94,2025-05-21 09:15:10,perdeu
a00571,u75,jogo41,94.39,2.39,2025-05-21 11:30:10,perdeu
a00572,u51,jogo36,284.82,2.94,2025-05-21 10:15:10,pendente
a00573,u11,jogo20,787.17,3.51,2025-05-21 09:23:10,ganhou
a00574,u41,jogo5,705.22,2.96,2025-05-21 11:16:10,ganhou
a00575,u51,jogo22,893.35,3.63,2025-05-21 10:25:10,ganhou
a00576,u85,jogo37,726.44,1.77,2025-05-21 11:41:10,pendente
a00577,u44,jogo34,186.24,2.35,2025-05-21 10:09:10,ganhou
a00578,u6,jogo6,816.91,3.93,2025-05-21 11:56:10,pendente
a00579,u76,jogo32,496.64,4.85,2025-05-21 11:25:10,pendente
a00580,u16,jogo23,162.17,2.24,2025-05-21 09:47:10,pendente
a00581,u9,jogo47,210.43,3.41,2025-05-21 10:33:10,pendente
a00582,u64,jogo21,692.62,1.88,2025-05-21 10:36:10,perdeu
a00583,u30,jogo12,380.2,2.96,2025-05-21 09:08:10,pendente
a00584,u73,jogo15,472.41,3.48,2025-05-21 11:11:10,ganhou
a00585,u27,jogo44,424.88,4.63,2025-05-21 09:41:10,perdeu
a00586,u9,jogo13,341.31,1.9,2025-05-21 09:37:10,pendente
a00587,u1,jogo2,884.36,3.09,2025-05-21 10:10:10,ganhou
a00588,u68,jogo10,965.71,1.62,2025-05-21 10:46:10,perdeu
a00589,u62,jogo27,695.37,4.87,2025-05-21 09:42:10,pendente
a00590,u12,jogo37,920.04,3.52,2025-05-21 09:43:10,ganhou
a00591,u68,jogo37,901.45,3.76,2025-05-21 09:06:10,pendente
a00592,u53,jogo42,70.93,4.6,2025-05-21 11:53:10,perdeu
a00593,u17,jogo49,639.95,2.56,2025-05-21 11:36:10,perdeu
a00594,u25,jogo34,337.45,2.75,2025-05-21 11:12:10,pendente
a00595,u93,jogo17,889.99,1.9,2025-05-21 11:07:10,ganhou
a00596,u35,jogo45,638.68,1.77,2025-05-21 11:56:10,perdeu
a00597,u95,jogo7,653.23,3.58,2025-05-21 10:01:10,perdeu
a00598,u92,jogo10,705.07,1.76,2025-05-21 11:50:10,pendente
a00599,u32,jogo10,692.62,4.07,2025-05-21 09:59:10,ganhou
a00600,u42,jogo17,554.87,3.31,2025-05-21 11:42:10,perdeu
a00601,u29,jogo2,153.14,3.64,2025-05-21 10:57:10,perdeu
a00602,u65,jogo28,869.19,1.77,2025-05-21 11:15:10,perdeu
a00603,u78,jogo41,351.31,3.47,2025-05-21 09:12:10,ganhou
a00604,u16,jogo47,979.59,4.76,2025-05-21 10:17:10,ganhou
a00605,u58,jogo25,837.03,2.14,2025-05-21 10:53:10,perdeu
a00606,u12,jogo50,734.26,3.82,2025-05-21 10:09:10,perdeu
a00607,u66,jogo36,267.76,3.19,2025-05-21 10:50:10,perdeu
a00608,u41,jogo35,817.43,2.67,2025-05-21 11:31:10,perdeu
a00609,u45,jogo50,150.84,1.97,2025-05-21 10:25:10,ganhou
a00610,u20,jogo35,625.55,4.74,2025-05-21 11:04:10,perdeu
a00611,u91,jogo32,564.12,4.28,2025-05-21 11:58:10,perdeu
a00612,u84,jogo36,160.59,2.68,2025-05-21 10:51:10,ganhou
a00613,u75,jogo18,619.53,3.74,2025-05-21 10:39:10,perdeu
a00614,u70,jogo49,749.38,4.74,2025-05-21 09:52:10,pendente
a00615,u39,jogo15,854.03,3.99,2025-05-21 09:34:10,pendente
a00616,u73,jogo22,960.48,4.3,2025-05-21 10:47:10,ganhou
a00617,u18,jogo44,311.75,2.58,2025-05-21 11:05:10,ganhou
a00618,u71,jogo22,641.61,3.64,2025-05-21 11:19:10,perdeu
a00619,u75,jogo34,702.1,1.74,2025-05-21 09:03:10,perdeu
a00620,u14,jogo3,339.54,3.36,2025-05-21 09:35:10,ganhou
a00621,u44,jogo8,755.47,2.71,2025-05-21 11:35:10,ganhou
a00622,u87,jogo3,397.38,4.22,2025-05-21 10:26:10,perdeu
a00623,u33,jogo50,979.01,1.69,2025-05-21 09:47:10,pendente
a00624,u9,jogo5,675.67,3.62,2025-05-21 09:20:10,ganhou
a00625,u61,jogo24,917.81,4.39,2025-05-21 10:31:10,ganhou
a00626,u58,jogo11,835.5,2.05,2025-05-21 09:00:10,pendente
a00627,u100,jogo22,220.56,2.63,2025-05-21 09:44:10,perdeu
a00628,u68,jogo39,259.32,4.1,2025-05-21 10:05:10,perdeu
a00629,u88,jogo35,685.41,1.7,2025-05-21 09:02:10,ganhou
a00630,u96,jogo25,850.88,2.1,2025-05-21 10:36:10,ganhou
a00631,u26,jogo8,977.98,1.64,2025-05-21 11:37:10,pendente
a00632,u37,jogo40,379.41,1.87,2025-05-21 09:53:10,perdeu
a00633,u74,jogo26,269.86,2.49,2025-05-21 11:07:10,pendente
a00634,u12,jogo42,830.85,1.83,2025-05-21 10:56:10,pendente
a00635,u54,jogo33,554.82,2.02,2025-05-21 11:33:10,pendente
a00636,u43,jogo1,929.57,2.49,2025-05-21 09:15:10,perdeu
a00637,u98,jogo26,577.54,3.31,2025-05-21 10:17:10,pendente
a00638,u51,jogo45,967.86,3.74,2025-05-21 11:48:10,pendente
a00639,u89,jogo30,490.2,3.69,2025-05-21 09:11:10,ganhou
a00640,u34,jogo18,528.93,1.56,2025-05-21 11:21:10,pendente
a00641,u71,jogo2,682.09,2.49,2025-05-21 11:54:10,pendente
a00642,u34,jogo15,272.13,4.17,2025-05-21 10:26:10,perdeu
a00643,u28,jogo28,493.9,1.61,2025-05-21 11:12:10,ganhou
a00644,u67,jogo29,71.77,1.7,2025-05-21 09:42:10,pendente
a00645,u94,jogo43,541.04,3.02,2025-05-21 10:03:10,pendente
a00646,u30,jogo40,818.55,2.03,2025-05-21 11:03:10,perdeu
a00647,u59,jogo4,946.05,3.16,2025-05-21 10:30:10,perdeu
a00648,u9,jogo42,559.26,3.38,2025-05-21 10:44:10,perdeu
a00649,u96,jogo10,454.04,1.65,2025-05-21 09:24:10,pendente
a00650,u46,jogo12,404.63,3.56,2025-05-21 10:37:10,ganhou
a00651,u58,jogo43,998.14,3.68,2025-05-21 10:41:10,ganhou
a00652,u52,jogo46,119.01,2.18,2025-05-21 11:26:10,ganhou
a00653,u19,jogo34,309.51,2.11,2025-05-21 11:01:10,perdeu
a00654,u89,jogo11,704.19,4.63,2025-05-21 09:32:10,pendente
a00655,u11,jogo20,626.87,2.62,2025-05-21 10:38:10,pendente
a00656,u54,jogo48,585.64,1.73,2025-05-21 09:07:10,pendente
a00657,u81,jogo46,291.4,4.51,2025-05-21 10:46:10,perdeu
a00658,u40,jogo48,880.12,4.01,2025-05-21 10:46:10,perdeu
a00659,u61,jogo23,977.61,3.66,2025-05-21 09:24:10,pendente
a00660,u94,jogo12,971.52,3.46,2025-05-21 10:33:10,pendente
a00661,u5,jogo43,487.81,2.93,2025-05-21 11:51:10,perdeu
a00662,u74,jogo17,560.55,2.39,2025-05-21 10:14:10,ganhou
a00663,u26,jogo16,482.59,3.77,2025-05-21 10:53:10,ganhou
a00664,u18,jogo29,871.12,4.33,2025-05-21 09:21:10,perdeu
a00665,u65,jogo38,578.46,4.48,2025-05-21 10:42:10,perdeu
a00666,u84,jogo1,807.68,4.75,2025-05-21 09:39:10,pendente
a00667,u10,jogo37,752.16,2.44,2025-05-21 09:01:10,ganhou
a00668,u49,jogo4,391.53,2.03,2025-05-21 09:35:10,pendente
a00669,u53,jogo2,975.9,4.26,2025-05-21 11:54:10,pendente
a00670,u36,jogo22,912.29,2.09,2025-05-21 09:17:10,ganhou
a00671,u25,jogo37,334.48,1.91,2025-05-21 11:50:10,pendente
a00672,u48,jogo22,123.47,1.69,2025-05-21 10:59:10,ganhou
a00673,u50,jogo29,578.72,3.01,2025-05-21 10:11:10,ganhou
a00674,u79,jogo37,534.79,2.29,2025-05-21 11:22:10,perdeu
a00675,u55,jogo45,876.91,2.12,2025-05-21 10:53:10,ganhou
a00676,u51,jogo5,371.65,2.22,2025-05-21 10:23:10,ganhou
a00677,u38,jogo18,552.32,3.51,2025-05-21 10:00:10,pendente
a00678,u7,jogo34,699.17,2.44,2025-05-21 10:16:10,perdeu
a00679,u38,jogo49,438.44,4.82,2025-05-21 11:58:10,ganhou
a00680,u57,jogo12,628.67,3.6,2025-05-21 10:29:10,ganhou
a00681,u81,jogo6,518.49,1.87,2025-05-21 10:22:10,perdeu
a00682,u6,jogo39,162.69,3.2,2025-05-21 10:50:10,perdeu
a00683,u66,jogo13,720.35,3.91,2025-05-21 10:37:10,pendente
a00684,u28,jogo2,731.36,3.84,2025-05-21 11:06:10,ganhou
a00685,u58,jogo30,204.77,4.09,2025-05-21 11:32:10,perdeu
a00686,u27,jogo38,102.73,1.51,2025-05-21 09:02:10,ganhou
a00687,u92,jogo3,801.94,4.06,2025-05-21 11:19:10,pendente
a00688,u95,jogo23,823.5,4.58,2025-05-21 10:24:10,pendente
a00689,u97,jogo2,565.76,3.46,2025-05-21 09:23:10,pendente
a00690,u48,jogo33,766.37,3.27,2025-05-21 09:19:10,perdeu
a00691,u5,jogo14,392.09,1.51,2025-05-21 10:40:10,pendente
a00692,u93,jogo7,535.7,4.72,2025-05-21 11:15:10,pendente
a00693,u23,jogo9,288.82,4.85,2025-05-21 10:26:10,pendente
a00694,u69,jogo3,760.94,1.53,2025-05-21 11:15:10,ganhou
a00695,u10,jogo48,420.49,4.62,2025-05-21 10:52:10,ganhou
a00696,u44,jogo18,426.31,1.88,2025-05-21 08:59:10,pendente
a00697,u29,jogo25,750.05,2.03,2025-05-21 10:32:10,ganhou
a00698,u71,jogo25,996.13,3.68,2025-05-21 10:34:10,pendente
a00699,u37,jogo46,103.11,3.5,2025-05-21 09:45:10,perdeu
a00700,u64,jogo13,732.1,3.06,2025-05-21 09:12:10,pendente
a00701,u91,jogo20,297.92,4.45,2025-05-21 09:02:10,ganhou
a00702,u9,jogo27,456.08,2.94,2025-05-21 11:53:10,pendente
a00703,u30,jogo17,186.3,3.92,2025-05-21 09:41:10,ganhou
a00704,u34,jogo21,645.08,2.09,2025-05-21 10:27:10,perdeu
a00705,u26,jogo36,187.67,4.26,2025-05-21 11:39:10,ganhou
a00706,u4,jogo36,173.15,2.14,2025-05-21 11:44:10,pendente
a00707,u14,jogo8,884.25,1.67,2025-05-21 11:32:10,perdeu
a00708,u53,jogo34,748.23,1.8,2025-05-21 09:50:10,ganhou
a00709,u21,jogo46,676.05,3.83,2025-05-21 11:23:10,pendente
a00710,u58,jogo15,737.28,3.97,2025-05-21 10:31:10,pendente
a00711,u40,jogo34,160.06,3.66,2025-05-21 09:49:10,ganhou
a00712,u89,jogo46,585.21,1.57,2025-05-21 09:09:10,pendente
a00713,u8,jogo42,398.24,2.74,2025-05-21 09:04:10,ganhou
a00714,u20,jogo7,72.57,4.37,2025-05-21 10:51:10,ganhou
a00715,u66,jogo31,732.87,2.0,2025-05-21 10:07:10,pendente
a00716,u89,jogo28,507.52,3.83,2025-05-21 10:26:10,ganhou
a00717,u6,jogo18,312.48,3.1,2025-05-21 10:09:10,pendente
a00718,u65,jogo46,891.15,4.88,2025-05-21 10:27:10,pendente
a00719,u48,jogo4,672.59,3.0,2025-05-21 09:04:10,pendente
a00720,u70,jogo33,891.21,2.43,2025-05-21 09:24:10,perdeu
a00721,u65,jogo10,686.88,2.3,2025-05-21 11:31:10,perdeu
a00722,u57,jogo4,878.59,2.99,2025-05-21 09:45:10,pendente
a00723,u51,jogo34,869.06,2.62,2025-05-21 11:29:10,pendente
a00724,u84,jogo30,998.63,3.83,2025-05-21 11:32:10,ganhou
a00725,u76,jogo21,108.98,4.58,2025-05-21 10:01:10,pendente
a00726,u57,jogo11,394.2,1.9,2025-05-21 10:40:10,pendente
a00727,u84,jogo6,441.7,1.54,2025-05-21 11:11:10,ganhou
a00728,u58,jogo25,473.8,1.51,2025-05-21 10:00:10,ganhou
a00729,u22,jogo8,262.18,3.43,2025-05-21 10:31:10,ganhou
a00730,u17,jogo34,662.31,2.57,2025-05-21 11:54:10,ganhou
a00731,u9,jogo31,598.37,3.06,2025-05-21 09:54:10,perdeu
a00732,u52,jogo4,65.28,1.83,2025-05-21 10:52:10,ganhou
a00733,u47,jogo39,914.49,2.98,2025-05-21 10:20:10,perdeu
a00734,u8,jogo43,978.41,2.06,2025-05-21 11:21:10,ganhou
a00735,u41,jogo29,858.33,4.02,2025-05-21 11:31:10,perdeu
a00736,u11,jogo42,449.19,4.47,2025-05-21 10:17:10,ganhou
a00737,u42,jogo23,317.76,4.47,2025-05-21 11:00:10,ganhou
a00738,u17,jogo10,146.19,3.33,2025-05-21 09:42:10,pendente
a00739,u7,jogo48,757.69,1.79,2025-05-21 10:51:10,ganhou
a00740,u54,jogo2,206.17,4.46,2025-05-21 11:04:10,ganhou
a00741,u28,jogo44,763.47,3.49,2025-05-21 09:44:10,pendente
a00742,u83,jogo41,219.31,2.29,2025-05-21 09:14:10,ganhou
a00743,u60,jogo26,561.36,4.68,2025-05-21 11:29:10,ganhou
a00744,u94,jogo23,512.18,2.4,2025-05-21 10:00:10,pendente
a00745,u78,jogo31,581.11,1.88,2025-05-21 09:26:10,perdeu
a00746,u18,jogo18,662.65,4.7,2025-05-21 09:58:10,pendente
a00747,u10,jogo16,130.83,4.67,2025-05-21 10:21:10,pendente
a00748,u63,jogo24,568.36,4.52,2025-05-21 10:37:10,perdeu
a00749,u58,jogo8,525.95,2.99,2025-05-21 09:44:10,ganhou
a00750,u68,jogo15,581.57,3.36,2025-05-21 10:01:10,ganhou
a00751,u38,jogo20,640.76,2.95,2025-05-21 11:48:10,ganhou
a00752,u77,jogo8,570.38,3.87,2025-05-21 09:06:10,perdeu
a00753,u23,jogo18,524.68,4.09,2025-05-21 09:28:10,ganhou
a00754,u30,jogo24,457.44,4.39,2025-05-21 11:28:10,ganhou
a00755,u4,jogo49,859.5,2.95,2025-05-21 10:59:10,pendente
a00756,u21,jogo26,804.57,3.49,2025-05-21 09:19:10,pendente
a00757,u56,jogo39,397.37,1.57,2025-05-21 09:31:10,perdeu
a00758,u74,jogo19,592.34,1.62,2025-05-21 09:59:10,perdeu
a00759,u29,jogo48,857.46,2.51,2025-05-21 09:24:10,pendente
a00760,u76,jogo24,360.93,4.62,2025-05-21 10:28:10,pendente
a00761,u60,jogo23,162.43,2.93,2025-05-21 10:35:10,ganhou
a00762,u59,jogo35,209.2,3.24,2025-05-21 11:00:10,pendente
a00763,u45,jogo26,979.29,4.06,2025-05-21 10:29:10,ganhou
a00764,u18,jogo9,417.28,2.75,2025-05-21 11:30:10,ganhou
a00765,u28,jogo26,59.06,2.53,2025-05-21 10:41:10,perdeu
a00766,u15,jogo8,134.79,2.25,2025-05-21 09:14:10,perdeu
a00767,u90,jogo29,184.63,2.9,2025-05-21 10:18:10,pendente
a00768,u61,jogo36,573.6,1.59,2025-05-21 10:37:10,perdeu
a00769,u12,jogo28,825.57,1.77,2025-05-21 11:52:10,pendente
a00770,u9,jogo41,576.92,3.31,2025-05-21 09:49:10,pendente
a00771,u95,jogo19,460.83,2.0,2025-05-21 10:02:10,pendente
a00772,u88,jogo20,797.82,4.8,2025-05-21 10:37:10,ganhou
a00773,u74,jogo28,773.03,3.55,2025-05-21 10:25:10,perdeu
a00774,u43,jogo6,960.58,3.36,2025-05-21 10:15:10,ganhou
a00775,u31,jogo38,82.2,4.04,2025-05-21 09:45:10,perdeu
a00776,u38,jogo12,620.12,4.24,2025-05-21 11:07:10,ganhou
a00777,u33,jogo30,827.04,1.63,2025-05-21 09:43:10,pendente
a00778,u38,jogo34,735.34,4.93,2025-05-21 11:37:10,ganhou
a00779,u20,jogo3,976.91,1.71,2025-05-21 10:07:10,pendente
a00780,u52,jogo39,289.84,4.65,2025-05-21 09:10:10,ganhou
a00781,u75,jogo49,861.51,1.58,2025-05-21 11:04:10,ganhou
a00782,u73,jogo5,670.4,2.89,2025-05-21 09:15:10,perdeu
a00783,u91,jogo39,101.48,2.56,2025-05-21 09:51:10,perdeu
a00784,u97,jogo26,521.85,4.87,2025-05-21 10:05:10,pendente
a00785,u43,jogo4,324.49,3.37,2025-05-21 11:26:10,ganhou
a00786,u27,jogo8,132.88,4.23,2025-05-21 11:44:10,perdeu
a00787,u68,jogo13,77.29,2.44,2025-05-21 11:06:10,perdeu
a00788,u60,jogo50,824.6,2.37,2025-05-21 09:38:10,pendente
a00789,u28,jogo16,502.81,1.55,2025-05-21 10:54:10,ganhou
a00790,u43,jogo8,641.24,3.13,2025-05-21 09:15:10,pendente
a00791,u34,jogo3,788.4,3.54,2025-05-21 10:57:10,perdeu
a00792,u12,jogo8,900.18,3.54,2025-05-21 09:10:10,pendente
a00793,u57,jogo9,469.52,1.73,2025-05-21 11:14:10,pendente
a00794,u70,jogo39,116.98,4.35,2025-05-21 09:09:10,perdeu
a00795,u87,jogo45,836.38,1.54,2025-05-21 10:36:10,ganhou
a00796,u66,jogo24,860.24,1.94,2025-05-21 09:06:10,perdeu
a00797,u49,jogo49,101.3,3.56,2025-05-21 10:13:10,perdeu
a00798,u35,jogo20,693.67,4.77,2025-05-21 08:59:10,pendente
a00799,u22,jogo44,405.91,4.24,2025-05-21 09:52:10,perdeu
a00800,u22,jogo4,559.51,2.66,2025-05-21 09:27:10,perdeu
a00801,u21,jogo18,803.02,3.44,2025-05-21 11:04:10,pendente
a00802,u39,jogo24,427.73,3.3,2025-05-21 10:25:10,pendente
a00803,u16,jogo2,839.85,2.7,2025-05-21 09:49:10,pendente
a00804,u59,jogo49,213.54,2.09,2025-05-21 09:44:10,pendente
a00805,u56,jogo44,739.09,4.39,2025-05-21 11:08:10,perdeu
a00806,u98,jogo43,850.05,4.36,2025-05-21 09:11:10,ganhou
a00807,u45,jogo33,147.9,3.63,2025-05-21 10:40:10,pendente
a00808,u96,jogo3,163.49,2.89,2025-05-21 09:46:10,pendente
a00809,u17,jogo4,730.62,4.32,2025-05-21 09:18:10,pendente
a00810,u30,jogo25,745.39,1.88,2025-05-21 11:50:10,ganhou
a00811,u92,jogo29,538.96,4.37,2025-05-21 11:26:10,pendente
a00812,u55,jogo36,704.89,2.94,2025-05-21 11:09:10,pendente
a00813,u73,jogo16,97.06,3.34,2025-05-21 09:28:10,ganhou
a00814,u33,jogo1,904.5,2.96,2025-05-21 09:54:10,ganhou
a00815,u21,jogo24,905.81,3.82,2025-05-21 10:00:10,perdeu
a00816,u38,jogo31,259.68,4.42,2025-05-21 09:19:10,pendente
a00817,u92,jogo47,880.4,3.32,2025-05-21 09:20:10,perdeu
a00818,u9,jogo45,975.2,4.51,2025-05-21 10:36:10,pendente
a00819,u55,jogo8,551.28,4.3,2025-05-21 09:06:10,pendente
a00820,u46,jogo17,792.97,1.74,2025-05-21 11:16:10,pendente
a00821,u7,jogo8,994.34,4.7,2025-05-21 09:59:10,ganhou
a00822,u5,jogo48,740.44,3.55,2025-05-21 11:05:10,perdeu
a00823,u68,jogo33,188.46,3.01,2025-05-21 10:57:10,perdeu
a00824,u82,jogo9,218.7,3.15,2025-05-21 11:40:10,pendente
a00825,u99,jogo1,794.13,1.64,2025-05-21 09:35:10,pendente
a00826,u44,jogo1,991.0,1.82,2025-05-21 11:18:10,pendente
a00827,u82,jogo1,718.04,3.24,2025-05-21 09:28:10,ganhou
a00828,u78,jogo29,703.05,4.82,2025-05-21 09:52:10,ganhou
a00829,u50,jogo47,277.0,3.96,2025-05-21 10:13:10,ganhou
a00830,u75,jogo23,320.8,4.8,2025-05-21 10:15:10,pendente
a00831,u3,jogo31,406.43,3.69,2025-05-21 10:48:10,perdeu
a00832,u73,jogo21,922.41,2.19,2025-05-21 09:31:10,perdeu
a00833,u49,jogo48,876.25,3.24,2025-05-21 10:37:10,perdeu
a00834,u13,jogo40,589.59,2.91,2025-05-21 11:09:10,pendente
a00835,u49,jogo12,50.21,3.15,2025-05-21 09:07:10,pendente
a00836,u80,jogo42,379.89,2.17,2025-05-21 10:26:10,perdeu
a00837,u1,jogo16,93.67,1.61,2025-05-21 11:13:10,ganhou
a00838,u4,jogo12,723.82,2.62,2025-05-21 09:09:10,ganhou
a00839,u88,jogo46,969.08,4.96,2025-05-21 10:59:10,ganhou
a00840,u46,jogo27,722.75,1.95,2025-05-21 11:41:10,ganhou
a00841,u25,jogo3,114.19,2.09,2025-05-21 09:17:10,ganhou
a00842,u54,jogo17,594.62,3.29,2025-05-21 11:12:10,pendente
a00843,u63,jogo46,972.46,2.34,2025-05-21 11:09:10,pendente
a00844,u80,jogo31,500.89,2.57,2025-05-21 09:51:10,ganhou
a00845,u43,jogo13,980.78,2.01,2025-05-21 10:09:10,ganhou
a00846,u29,jogo6,730.63,1.51,2025-05-21 10:48:10,ganhou
a00847,u50,jogo38,118.81,3.81,2025-05-21 09:29:10,perdeu
a00848,u86,jogo49,222.92,3.16,2025-05-21 11:39:10,ganhou
a00849,u69,jogo40,865.37,3.72,2025-05-21 10:49:10,perdeu
a00850,u45,jogo27,762.37,2.52,2025-05-21 11:29:10,perdeu
a00851,u97,jogo41,137.0,4.42,2025-05-21 11:48:10,pendente
a00852,u86,jogo15,625.38,4.03,2025-05-21 09:03:10,ganhou
a00853,u38,jogo24,724.65,2.96,2025-05-21 11:50:10,pendente
a00854,u82,jogo21,468.32,2.65,2025-05-21 11:19:10,ganhou
a00855,u56,jogo12,293.47,4.74,2025-05-21 10:19:10,perdeu
a00856,u54,jogo28,994.8,3.48,2025-05-21 09:28:10,pendente
a00857,u28,jogo39,255.01,2.05,2025-05-21 09:03:10,perdeu
a00858,u69,jogo22,766.96,3.19,2025-05-21 10:23:10,pendente
a00859,u100,jogo13,808.63,3.56,2025-05-21 11:06:10,perdeu
a00860,u71,jogo12,757.62,2.43,2025-05-21 11:49:10,pendente
a00861,u90,jogo28,86.47,1.85,2025-05-21 10:46:10,pendente
a00862,u28,jogo48,407.22,2.09,2025-05-21 11:44:10,ganhou
a00863,u53,jogo27,757.32,4.59,2025-05-21 10:33:10,perdeu
a00864,u44,jogo12,217.51,4.11,2025-05-21 11:25:10,pendente
a00865,u88,jogo44,534.61,4.37,2025-05-21 10:07:10,ganhou
a00866,u9,jogo11,718.2,2.25,2025-05-21 10:30:10,perdeu
a00867,u57,jogo2,757.05,2.35,2025-05-21 09:06:10,perdeu
a00868,u96,jogo22,384.15,3.59,2025-05-21 10:08:10,pendente
a00869,u68,jogo3,753.5,2.32,2025-05-21 09:01:10,pendente
a00870,u74,jogo22,307.06,3.69,2025-05-21 11:46:10,perdeu
a00871,u72,jogo15,221.45,3.25,2025-05-21 09:48:10,pendente
a00872,u72,jogo31,273.02,2.88,2025-05-21 09:51:10,perdeu
a00873,u44,jogo23,439.46,2.7,2025-05-21 10:23:10,perdeu
a00874,u41,jogo44,97.58,1.75,2025-05-21 09:37:10,perdeu
a00875,u41,jogo1,505.22,1.78,2025-05-21 11:43:10,pendente
a00876,u37,jogo10,591.8,2.56,2025-05-21 10:54:10,perdeu
a00877,u20,jogo5,565.26,2.11,2025-05-21 11:21:10,pendente
a00878,u27,jogo32,657.13,1.81,2025-05-21 10:13:10,ganhou
a00879,u5,jogo12,127.76,2.27,2025-05-21 10:05:10,perdeu
a00880,u2,jogo28,326.5,1.76,2025-05-21 11:57:10,perdeu
a00881,u18,jogo30,147.8,2.08,2025-05-21 09:15:10,pendente
a00882,u5,jogo12,717.67,3.52,2025-05-21 11:12:10,ganhou
a00883,u63,jogo42,64.33,2.92,2025-05-21 09:14:10,perdeu
a00884,u47,jogo29,361.75,2.75,2025-05-21 09:31:10,ganhou
a00885,u41,jogo33,981.27,4.53,2025-05-21 11:01:10,pendente
a00886,u22,jogo44,452.6,3.6,2025-05-21 11:54:10,perdeu
a00887,u7,jogo42,193.84,3.94,2025-05-21 09:58:10,pendente
a00888,u32,jogo49,55.24,3.09,2025-05-21 10:02:10,perdeu
a00889,u8,jogo31,811.93,4.71,2025-05-21 09:54:10,perdeu
a00890,u42,jogo6,807.87,3.96,2025-05-21 10:56:10,ganhou
a00891,u95,jogo22,420.35,3.68,2025-05-21 09:44:10,perdeu
a00892,u74,jogo14,576.65,2.36,2025-05-21 11:05:10,pendente
a00893,u82,jogo46,522.17,4.8,2025-05-21 09:48:10,pendente
a00894,u21,jogo37,216.78,1.63,2025-05-21 11:16:10,perdeu
a00895,u55,jogo37,343.49,2.62,2025-05-21 10:20:10,perdeu
a00896,u81,jogo13,453.37,2.26,2025-05-21 11:57:10,perdeu
a00897,u39,jogo50,305.36,1.98,2025-05-21 10:15:10,perdeu
a00898,u13,jogo19,742.82,4.0,2025-05-21 11:11:10,perdeu
a00899,u76,jogo31,56.05,3.99,2025-05-21 10:05:10,pendente
a00900,u55,jogo37,67.01,3.19,2025-05-21 10:57:10,pendente
a00901,u77,jogo15,916.14,3.6,2025-05-21 10:55:10,ganhou
a00902,u22,jogo27,711.02,2.75,2025-05-21 10:56:10,ganhou
a00903,u3,jogo48,670.47,2.05,2025-05-21 10:51:10,ganhou
a00904,u21,jogo2,105.06,2.33,2025-05-21 11:02:10,perdeu
a00905,u76,jogo1,375.67,4.79,2025-05-21 09:12:10,pendente
a00906,u48,jogo35,57.99,2.14,2025-05-21 10:02:10,pendente
a00907,u85,jogo3,637.98,4.19,2025-05-21 11:39:10,ganhou
a00908,u56,jogo21,702.3,4.49,2025-05-21 11:57:10,ganhou
a00909,u37,jogo47,593.93,3.12,2025-05-21 11:03:10,ganhou
a00910,u12,jogo42,706.68,3.36,2025-05-21 11:41:10,perdeu
a00911,u3,jogo45,896.49,1.9,2025-05-21 10:41:10,ganhou
a00912,u25,jogo30,754.08,2.59,2025-05-21 09:42:10,perdeu
a00913,u61,jogo46,610.83,2.89,2025-05-21 10:39:10,pendente
a00914,u51,jogo20,875.06,3.98,2025-05-21 09:14:10,perdeu
a00915,u4,jogo5,415.61,4.46,2025-05-21 10:50:10,perdeu
a00916,u90,jogo46,822.76,3.25,2025-05-21 11:50:10,pendente
a00917,u82,jogo7,172.11,1.6,2025-05-21 09:49:10,pendente
a00918,u90,jogo33,649.25,3.46,2025-05-21 10:59:10,perdeu
a00919,u62,jogo7,283.93,3.33,2025-05-21 11:12:10,ganhou
a00920,u91,jogo20,858.56,1.64,2025-05-21 10:16:10,pendente
a00921,u52,jogo2,668.53,4.76,2025-05-21 11:47:10,perdeu
a00922,u4,jogo34,953.19,3.8,2025-05-21 11:19:10,pendente
a00923,u62,jogo34,727.18,1.69,2025-05-21 10:51:10,pendente
a00924,u92,jogo8,412.55,3.7,2025-05-21 11:02:10,ganhou
a00925,u4,jogo31,855.0,3.37,2025-05-21 11:13:10,ganhou
a00926,u51,jogo21,302.61,3.02,2025-05-21 10:12:10,perdeu
a00927,u3,jogo21,823.29,3.37,2025-05-21 11:16:10,pendente
a00928,u68,jogo33,830.22,4.22,2025-05-21 11:01:10,ganhou
a00929,u96,jogo1,944.9,4.26,2025-05-21 09:18:10,perdeu
a00930,u24,jogo25,853.69,4.53,2025-05-21 11:12:10,pendente
a00931,u68,jogo10,389.9,3.31,2025-05-21 10:27:10,perdeu
a00932,u67,jogo10,69.81,4.16,2025-05-21 09:45:10,ganhou
a00933,u99,jogo7,963.23,4.33,2025-05-21 09:20:10,ganhou
a00934,u86,jogo48,562.2,4.12,2025-05-21 11:20:10,ganhou
a00935,u28,jogo2,847.9,1.72,2025-05-21 11:12:10,pendente
a00936,u21,jogo37,124.58,3.04,2025-05-21 11:51:10,perdeu
a00937,u87,jogo5,647.29,3.72,2025-05-21 10:03:10,perdeu
a00938,u39,jogo50,417.89,2.75,2025-05-21 10:00:10,ganhou
a00939,u96,jogo33,307.97,2.0,2025-05-21 11:12:10,pendente
a00940,u74,jogo12,817.03,3.26,2025-05-21 10:40:10,pendente
a00941,u18,jogo11,716.81,4.32,2025-05-21 10:03:10,pendente
a00942,u32,jogo45,953.68,4.21,2025-05-21 10:07:10,ganhou
a00943,u13,jogo40,351.16,4.49,2025-05-21 10:02:10,perdeu
a00944,u69,jogo50,605.04,2.27,2025-05-21 11:18:10,ganhou
a00945,u54,jogo25,680.44,2.25,2025-05-21 09:44:10,perdeu
a00946,u44,jogo30,83.15,4.75,2025-05-21 10:57:10,pendente
a00947,u90,jogo10,474.8,4.77,2025-05-21 11:53:10,pendente
a00948,u75,jogo26,554.75,3.28,2025-05-21 10:59:10,ganhou
a00949,u6,jogo38,299.26,2.42,2025-05-21 09:34:10,pendente
a00950,u20,jogo7,915.99,1.54,2025-05-21 10:34:10,ganhou
a00951,u28,jogo3,339.1,3.98,2025-05-21 10:21:10,perdeu
a00952,u85,jogo7,91.2,4.92,2025-05-21 09:49:10,pendente
a00953,u79,jogo46,915.79,2.5,2025-05-21 11:30:10,ganhou
a00954,u71,jogo13,826.24,3.79,2025-05-21 09:30:10,pendente
a00955,u25,jogo31,534.24,4.77,2025-05-21 10:12:10,ganhou
a00956,u10,jogo44,334.01,2.07,2025-05-21 11:02:10,pendente
a00957,u62,jogo12,334.79,1.7,2025-05-21 11:31:10,ganhou
a00958,u29,jogo15,428.83,4.32,2025-05-21 09:25:10,perdeu
a00959,u41,jogo7,530.59,3.09,2025-05-21 09:03:10,ganhou
a00960,u1,jogo35,325.02,2.7,2025-05-21 10:43:10,perdeu
a00961,u79,jogo40,439.29,1.83,2025-05-21 10:28:10,pendente
a00962,u26,jogo42,670.05,1.57,2025-05-21 09:55:10,ganhou
a00963,u44,jogo16,280.7,2.08,2025-05-21 11:10:10,perdeu
a00964,u4,jogo22,209.14,4.97,2025-05-21 09:45:10,ganhou
a00965,u26,jogo11,660.3,1.85,2025-05-21 11:57:10,perdeu
a00966,u78,jogo42,542.22,1.9,2025-05-21 09:04:10,pendente
a00967,u43,jogo4,953.34,3.4,2025-05-21 11:55:10,perdeu
a00968,u4,jogo39,54.82,4.92,2025-05-21 10:03:10,perdeu
a00969,u6,jogo34,903.43,4.03,2025-05-21 10:39:10,perdeu
a00970,u82,jogo21,711.85,2.4,2025-05-21 10:30:10,ganhou
a00971,u33,jogo35,217.83,1.57,2025-05-21 11:08:10,perdeu
a00972,u16,jogo34,252.77,2.42,2025-05-21 11:31:10,ganhou
a00973,u35,jogo18,126.8,3.59,2025-05-21 11:09:10,perdeu
a00974,u54,jogo22,596.58,4.26,2025-05-21 10:53:10,pendente
a00975,u4,jogo2,840.41,4.61,2025-05-21 09:20:10,perdeu
a00976,u33,jogo2,421.61,3.08,2025-05-21 11:58:10,ganhou
a00977,u88,jogo12,582.37,3.22,2025-05-21 09:49:10,ganhou
a00978,u11,jogo20,619.25,3.6,2025-05-21 10:40:10,perdeu
a00979,u50,jogo20,93.16,2.25,2025-05-21 09:46:10,pendente
a00980,u19,jogo14,162.72,3.01,2025-05-21 10:56:10,pendente
a00981,u6,jogo39,195.49,4.21,2025-05-21 10:46:10,ganhou
a00982,u89,jogo40,584.61,3.34,2025-05-21 08:59:10,ganhou
a00983,u2,jogo16,280.6,2.32,2025-05-21 09:14:10,ganhou
a00984,u6,jogo20,415.21,4.45,2025-05-21 10:01:10,pendente
a00985,u59,jogo7,683.88,4.62,2025-05-21 11:58:10,pendente
a00986,u52,jogo50,140.45,3.19,2025-05-21 09:34:10,ganhou
a00987,u80,jogo30,291.84,2.13,2025-05-21 10:00:10,perdeu
a00988,u95,jogo31,192.48,2.19,2025-05-21 09:38:10,perdeu
a00989,u35,jogo11,262.56,2.75,2025-05-21 10:19:10,ganhou
a00990,u24,jogo21,410.17,5.0,2025-05-21 09:12:10,ganhou
a00991,u81,jogo45,250.71,4.92,2025-05-21 08:59:10,ganhou
a00992,u68,jogo12,221.96,2.44,2025-05-21 11:06:10,perdeu
a00993,u34,jogo10,391.27,1.89,2025-05-21 11:58:10,pendente
a00994,u26,jogo32,614.2,4.72,2025-05-21 10:43:10,ganhou
a00995,u47,jogo41,798.1,2.08,2025-05-21 11:04:10,pendente
a00996,u89,jogo3,939.61,4.57,2025-05-21 09:42:10,ganhou
a00997,u3,jogo47,642.4,4.77,2025-05-21 10:02:10,ganhou
a00998,u78,jogo26,272.44,2.33,2025-05-21 09:16:10,ganhou
a00999,u19,jogo17,559.7,1.61,2025-05-21 09:20:10,pendente
out000,u100,jogo6,2645.75,24.68,2025-05-21 11:59:10,ganhou
out001,u100,jogo8,4285.65,18.7,2025-05-21 11:59:10,ganhou
out002,u100,jogo10,4939.77,25.36,2025-05-21 11:59:10,ganhou
out003,u100,jogo4,3229.02,22.01,2025-05-21 11:59:10,ganhou
out004,u100,jogo7,3860.63,22.66,2025-05-21 11:59:10,ganhou
out005,u100,jogo2,4955.16,21.86,2025-05-21 11:59:10,ganhou
out006,u100,jogo7,1001.33,23.55,2025-05-21 11:59:10,ganhou
out007,u100,jogo8,4659.08,27.5,2025-05-21 11:59:10,ganhou
out008,u100,jogo7,2129.74,22.65,2025-05-21 11:59:10,ganhou
out009,u100,jogo5,3106.65,19.98,2025-05-21 11:59:10,ganhou
